{
  "timestamp": "20260410T054104",
  "scores": {
    "faithfulness": 0.7916666666666666,
    "answer_relevancy": 0.9367780856406523
  }
}